{
  "model_performance": {
    "f1_score": 0.8604651162790697,
    "precision": 0.961038961038961,
    "recall": 0.7789473684210526,
    "roc_auc": 0.9701022604701547
  },
  "business_impact": {
    "frauds_detected": 74,
    "savings_eur": 184850.0,
    "roi_ratio": 18.211822660098523
  },
  "production_ready": true,
  "evaluation_date": "2025-08-04T20:34:12.554914",
  "test_samples": 56746
}