{
  "test_set_info": {
    "total_transactions": 56746,
    "fraud_transactions": 95,
    "normal_transactions": 56651,
    "fraud_rate": 0.0016741268107003137
  },
  "optimal_threshold": 0.8473374602854785,
  "classification_metrics": {
    "accuracy": 0.9995770627004547,
    "precision": 0.961038961038961,
    "recall": 0.7789473684210526,
    "specificity": 0.9999470441828034,
    "f1_score": 0.8604651162790697,
    "balanced_accuracy": 0.8894472063019281,
    "matthews_correlation": 0.8650197915811386,
    "npv": 0.9996294270235931
  },
  "probabilistic_metrics": {
    "roc_auc": 0.9701022604701547,
    "pr_auc": 0.8233875569578525
  },
  "confusion_matrix": {
    "true_negative": 56648,
    "false_positive": 3,
    "false_negative": 21,
    "true_positive": 74
  },
  "business_impact": {
    "frauds_detected": 74,
    "frauds_missed": 21,
    "false_alerts": 3,
    "cost_false_positive_eur": 150.0,
    "cost_false_negative_eur": 52500.0,
    "total_cost_eur": 52650.0,
    "cost_per_transaction_eur": 0.9278187008775949,
    "baseline_cost_eur": 237500.0,
    "savings_eur": 184850.0,
    "roi_ratio": 18.211822660098523,
    "detection_rate_percent": 77.89473684210526,
    "false_positive_rate_percent": 0.005295581719651904,
    "precision_percent": 96.1038961038961
  },
  "training_comparison": {
    "validation_f1": 0.8059701492537313,
    "test_f1": 0.8604651162790697,
    "f1_difference": 0.0544949670253384,
    "validation_roc_auc": 0.977262236831184,
    "test_roc_auc": 0.9701022604701547,
    "roc_auc_difference": -0.007159976361029274,
    "generalization_quality": "concerning"
  }
}