{
  "performance": {
    "best_f1_cv": 0.0,
    "optimization_type": "intermediate",
    "trials_used": 50,
    "cv_folds": 4
  },
  "best_params": {
    "n_estimators": 2100,
    "learning_rate": 0.01995061081580457,
    "num_leaves": 325,
    "max_depth": 9,
    "lambda_l1": 4.610919083341195,
    "lambda_l2": 5.708837914447843,
    "min_gain_to_split": 1.8204332342087342,
    "feature_fraction": 0.7237850357534301,
    "bagging_fraction": 0.8582578492748995,
    "bagging_freq": 2,
    "min_child_samples": 110,
    "min_child_weight": 0.03206051708148646,
    "objective": "binary",
    "metric": "binary_logloss",
    "scale_pos_weight": 598.419014084507,
    "random_state": 42,
    "n_jobs": -1,
    "verbosity": -1
  },
  "training_history": {
    "intermediate_optimization": {
      "best_f1_score_cv": 0.0,
      "optimization_time_minutes": 1.2956630031267802,
      "n_trials": 50,
      "cv_folds": 4,
      "best_params": {
        "n_estimators": 2100,
        "learning_rate": 0.01995061081580457,
        "num_leaves": 325,
        "max_depth": 9,
        "lambda_l1": 4.610919083341195,
        "lambda_l2": 5.708837914447843,
        "min_gain_to_split": 1.8204332342087342,
        "feature_fraction": 0.7237850357534301,
        "bagging_fraction": 0.8582578492748995,
        "bagging_freq": 2,
        "min_child_samples": 110,
        "min_child_weight": 0.03206051708148646,
        "objective": "binary",
        "metric": "binary_logloss",
        "scale_pos_weight": 598.419014084507,
        "random_state": 42,
        "n_jobs": -1,
        "verbosity": -1
      }
    },
    "final_training": {
      "training_time": 8.674229621887207,
      "total_samples": 226980
    },
    "validation": {
      "f1_score": 0.9947089947089947,
      "roc_auc": 0.9999983099207277,
      "precision": 0.9894736842105263,
      "recall": 1.0,
      "optimal_threshold": 0.9938619755779924
    }
  }
}