{
  "smote_manual_config": {
    "ratio": 0.1,
    "k_neighbors": 3,
    "implementation": "manual_no_imblearn"
  },
  "performance": {
    "best_f1_cv": 0.8457107370765343
  },
  "best_params": {
    "n_estimators": 2100,
    "learning_rate": 0.12769880807019104,
    "num_leaves": 262,
    "max_depth": 11,
    "lambda_l1": 0.0005138033478915187,
    "lambda_l2": 4.501646641335946e-06,
    "feature_fraction": 0.45787524578492855,
    "bagging_fraction": 0.8402752142197047,
    "bagging_freq": 2,
    "min_child_samples": 11,
    "objective": "binary",
    "metric": "binary_logloss",
    "random_state": 42,
    "n_jobs": -1,
    "verbosity": -1
  },
  "training_history": {
    "smote_optimization": {
      "best_f1_score_cv": 0.8457107370765343,
      "optimization_time": 1516.9458146095276,
      "smote_config": {
        "ratio": 0.1,
        "k_neighbors": 3
      },
      "best_params": {
        "n_estimators": 2100,
        "learning_rate": 0.12769880807019104,
        "num_leaves": 262,
        "max_depth": 11,
        "lambda_l1": 0.0005138033478915187,
        "lambda_l2": 4.501646641335946e-06,
        "feature_fraction": 0.45787524578492855,
        "bagging_fraction": 0.8402752142197047,
        "bagging_freq": 2,
        "min_child_samples": 11,
        "objective": "binary",
        "metric": "binary_logloss",
        "random_state": 42,
        "n_jobs": -1,
        "verbosity": -1
      }
    },
    "final_training": {
      "training_time": 25.31622862815857,
      "smote_samples": 186946,
      "original_samples": 170235
    },
    "validation": {
      "f1_score": 0.8950276243093923,
      "roc_auc": 0.9705687717668127,
      "precision": 0.9310344827586207,
      "recall": 0.8617021276595744
    }
  }
}