{
    "best_f1_score_cv": 0.802634971174811,
    "best_params": {
        "n_estimators": 800,
        "learning_rate": 0.006208899178908839,
        "num_leaves": 149,
        "max_depth": 11,
        "lambda_l1": 4.806927165190854e-08,
        "lambda_l2": 1.2274303182059915e-07,
        "feature_fraction": 0.6657466048564784,
        "bagging_fraction": 0.8972895246507233,
        "bagging_freq": 3,
        "min_child_samples": 130,
        "objective": "binary",
        "metric": "binary_logloss",
        "scale_pos_weight": 598.419014084507,
        "random_state": 42,
        "n_jobs": -1,
        "verbosity": -1
    },
    "optimization_config": {
        "n_trials": 70,
        "cv_folds": 3,
        "random_state": 42,
        "data_split_strategy": "train_val_test_isolated"
    }
}