{
    "optimization": {
        "best_f1_score_cv": 0.802634971174811,
        "optimization_time": 222.3675127029419,
        "n_trials": 70,
        "best_params": {
            "n_estimators": 800,
            "learning_rate": 0.006208899178908839,
            "num_leaves": 149,
            "max_depth": 11,
            "lambda_l1": 4.806927165190854e-08,
            "lambda_l2": 1.2274303182059915e-07,
            "feature_fraction": 0.6657466048564784,
            "bagging_fraction": 0.8972895246507233,
            "bagging_freq": 3,
            "min_child_samples": 130,
            "objective": "binary",
            "metric": "binary_logloss",
            "scale_pos_weight": 598.419014084507,
            "random_state": 42,
            "n_jobs": -1,
            "verbosity": -1
        }
    },
    "final_training": {
        "training_time": 21.488959550857544,
        "model_type": "LightGBM",
        "final_training_samples": 226980,
        "features_count": 49,
        "train_samples": 170235,
        "validation_samples": 56745
    },
    "honest_validation": {
        "f1_score": 0.8059701492537313,
        "roc_auc": 0.977262236831184,
        "precision": 0.7570093457943925,
        "recall": 0.8617021276595744
    }
}